claim_id,metric,value,unit,source_url,document_version,hardware,bandwidth_mhz,antenna_config,cell_scope,test_boundary,statistic,comparison_scope
AERIAL-VENDOR-001,cell_capacity,20,cells,https://docs.nvidia.com/aerial/cuda-accelerated-ran/latest/index.html,25-1,GH200,100,4T4R,20 cells,standalone cuPHY,peak validated configuration,vendor_only
AERIAL-VENDOR-002,cell_capacity,20,cells,https://docs.nvidia.com/aerial/cuda-accelerated-ran/latest/index.html,24-2,MGX Grace Hopper,100,4T4R,20 cells,cuPHY multicell capacity with telco-grade traffic model,peak-loaded validated configuration,comparable_with_constraints
AERIAL-VENDOR-003,cell_capacity,6,cells,https://docs.nvidia.com/aerial/cuda-accelerated-ran/latest/index.html,25-3,,100,64T64R,6 cells,standalone cuPHY,peak validated configuration,vendor_only
AERIAL-VENDOR-004,cell_capacity,3,cells,https://docs.nvidia.com/aerial/cuda-accelerated-ran/latest/index.html,25-1,GH200,100,64T64R,3 cells,standalone cuPHY with modulation compression,average-cell validated configuration,vendor_only
AERIAL-VENDOR-005,downlink_throughput,1.25,Gbit/s,https://docs.nvidia.com/aerial/cuda-accelerated-ran/latest/index.html,25-2,,100,4T4R,20-cell Capgemini setup,E2E gNB downlink-only traffic,,comparable_with_constraints
AERIAL-VENDOR-006,downlink_throughput,1.44,Gbit/s,https://docs.nvidia.com/aerial/cuda-accelerated-ran/latest/index.html,25-2,,100,64T64R,1 cell and 2 UEs with 2 layers each,E2E gNB with Capgemini,achieved peak throughput,vendor_only
AERIAL-VENDOR-007,aggregate_downlink_throughput,11.2,Gbit/s,https://docs.nvidia.com/aerial/cuda-accelerated-ran/latest/index.html,25-1,GH200,100,4T4R,8 cells,E2E CN plus RAN plus UE emulator over eCPRI,aggregate achieved throughput,comparable_with_constraints
AERIAL-VENDOR-008,aggregate_uplink_throughput,1.68,Gbit/s,https://docs.nvidia.com/aerial/cuda-accelerated-ran/latest/index.html,25-1,GH200,100,4T4R,8 cells,E2E CN plus RAN plus UE emulator over eCPRI,aggregate achieved throughput,comparable_with_constraints
AERIAL-VENDOR-009,mig_cell_capacity,8,cells,https://docs.nvidia.com/aerial/cuda-accelerated-ran/latest/index.html,25-1,GH200,100,4T4R,8 cells,E2E gNB with MIG enabled,peak-cell performance validated,vendor_only
AERIAL-VENDOR-010,scheduler_cell_capacity,40,cells,https://docs.nvidia.com/aerial/cuda-accelerated-ran/latest/index.html,25-1,GH200,100,4T4R,40 cells,standalone cuMAC scheduler,average-cell validated configuration,vendor_only
AERIAL-VENDOR-011,scheduler_cell_capacity,3,cells,https://docs.nvidia.com/aerial/cuda-accelerated-ran/latest/index.html,25-1,GH200,100,64T64R,3 cells,standalone cuMAC scheduler,average-cell validated configuration,vendor_only
AERIAL-VENDOR-012,downlink_throughput,1.5,Gbit/s,https://docs.nvidia.com/aerial/cuda-accelerated-ran/latest/index.html,26-1,DGX Spark,,,1 cell,E2E gNB,peak-cell achieved throughput,comparable_with_constraints
AERIAL-VENDOR-013,uplink_throughput,210,Mbit/s,https://docs.nvidia.com/aerial/cuda-accelerated-ran/latest/index.html,26-1,DGX Spark,,,1 cell,E2E gNB,peak-cell achieved throughput,comparable_with_constraints
AERIAL-VENDOR-014,cell_capacity,20,cells,https://docs.nvidia.com/aerial/cuda-accelerated-ran/latest/index.html,26-1,GH200,,,20 cells,E2E gNB orchestrated through Kubernetes,peak-cell configuration achieved,vendor_only
